Order ID,Order Date,Rep ID,Product ID,Quantity
ORD-1446,2025-01-01,R-05,P-03,9
ORD-1063,2025-01-02,R-05,P-02,3
ORD-1263,2025-01-02,R-05,P-10,2
ORD-1206,2025-01-02,R-02,P-08,7
ORD-1496,2025-01-04,R-01,P-06,9
ORD-1325,2025-01-04,R-04,P-07,1
ORD-1128,2025-01-05,R-03,P-06,1
ORD-1415,2025-01-05,R-05,P-04,10
ORD-1334,2025-01-06,R-03,P-09,5
ORD-1097,2025-01-09,R-04,P-08,7
ORD-1269,2025-01-09,R-04,P-09,10
ORD-1484,2025-01-10,R-05,P-03,7
ORD-1518,2025-01-12,R-05,P-02,9
ORD-1151,2025-01-13,R-05,P-08,5
ORD-1554,2025-01-13,R-05,P-06,5
ORD-1378,2025-01-13,R-04,P-02,6
ORD-1050,2025-01-14,R-04,P-05,9
ORD-1134,2025-01-15,R-02,P-04,1
ORD-1092,2025-01-15,R-01,P-05,6
ORD-1497,2025-01-16,R-04,P-01,2
ORD-1329,2025-01-17,R-03,P-09,7
ORD-1352,2025-01-18,R-04,P-06,9
ORD-1566,2025-01-19,R-03,P-09,4
ORD-1383,2025-01-20,R-01,P-07,1
ORD-1044,2025-01-21,R-05,P-09,1
ORD-1006,2025-01-21,R-04,P-01,7
ORD-1025,2025-01-22,R-02,P-02,5
ORD-1307,2025-01-22,R-03,P-06,7
ORD-1482,2025-01-23,R-04,P-02,1
ORD-1580,2025-01-25,R-05,P-03,8
ORD-1375,2025-01-26,R-03,P-07,4
ORD-1316,2025-01-27,R-03,P-07,10
ORD-1164,2025-01-28,R-02,P-06,2
ORD-1109,2025-01-28,R-02,P-06,5
ORD-1149,2025-01-29,R-02,P-09,1
ORD-1305,2025-02-02,R-03,P-09,9
ORD-1507,2025-02-02,R-04,P-01,8
ORD-1114,2025-02-02,R-02,P-04,1
ORD-1123,2025-02-04,R-05,P-03,5
ORD-1523,2025-02-04,R-04,P-05,4
ORD-1326,2025-02-04,R-03,P-10,7
ORD-1058,2025-02-04,R-02,P-03,1
ORD-1150,2025-02-05,R-04,P-04,4
ORD-1545,2025-02-05,R-01,P-03,7
ORD-1381,2025-02-05,R-03,P-03,10
ORD-1551,2025-02-06,R-02,P-05,4
ORD-1267,2025-02-06,R-05,P-01,5
ORD-1337,2025-02-06,R-05,P-03,1
ORD-1310,2025-02-07,R-02,P-05,7
ORD-1249,2025-02-08,R-05,P-10,10
ORD-1476,2025-02-08,R-04,P-02,8
ORD-1372,2025-02-08,R-03,P-02,6
ORD-1585,2025-02-08,R-04,P-03,10
ORD-1108,2025-02-10,R-04,P-01,1
ORD-1090,2025-02-10,R-02,P-08,8
ORD-1588,2025-02-11,R-01,P-09,2
ORD-1136,2025-02-11,R-05,P-06,9
ORD-1515,2025-02-12,R-04,P-02,4
ORD-1166,2025-02-13,R-03,P-03,6
ORD-1070,2025-02-13,R-05,P-02,10
ORD-1516,2025-02-13,R-01,P-07,2
ORD-1160,2025-02-14,R-01,P-05,9
ORD-1333,2025-02-15,R-05,P-04,6
ORD-1421,2025-02-16,R-03,P-02,9
ORD-1470,2025-02-16,R-01,P-08,10
ORD-1115,2025-02-17,R-05,P-09,1
ORD-1452,2025-02-17,R-02,P-06,5
ORD-1328,2025-02-18,R-05,P-04,1
ORD-1029,2025-02-18,R-05,P-06,2
ORD-1061,2025-02-19,R-04,P-04,8
ORD-1313,2025-02-20,R-05,P-01,9
ORD-1036,2025-02-20,R-03,P-01,1
ORD-1394,2025-02-20,R-05,P-01,3
ORD-1142,2025-02-21,R-04,P-08,8
ORD-1575,2025-02-21,R-01,P-01,7
ORD-1197,2025-02-21,R-05,P-02,2
ORD-1054,2025-02-22,R-02,P-02,2
ORD-1412,2025-02-22,R-01,P-08,8
ORD-1581,2025-02-22,R-03,P-08,1
ORD-1085,2025-02-22,R-01,P-01,7
ORD-1215,2025-02-22,R-01,P-06,2
ORD-1277,2025-02-23,R-05,P-05,6
ORD-1409,2025-02-23,R-03,P-01,9
ORD-1355,2025-02-23,R-04,P-04,1
ORD-1209,2025-02-23,R-02,P-09,7
ORD-1064,2025-02-23,R-01,P-07,7
ORD-1038,2025-02-24,R-01,P-05,7
ORD-1584,2025-02-26,R-03,P-07,3
ORD-1444,2025-02-27,R-01,P-05,1
ORD-1402,2025-02-27,R-04,P-02,3
ORD-1356,2025-02-27,R-02,P-08,2
ORD-1436,2025-02-27,R-02,P-06,9
ORD-1030,2025-02-28,R-03,P-05,9
ORD-1262,2025-03-01,R-01,P-02,1
ORD-1413,2025-03-01,R-04,P-06,4
ORD-1116,2025-03-03,R-01,P-08,6
ORD-1561,2025-03-03,R-05,P-04,1
ORD-1161,2025-03-03,R-02,P-04,9
ORD-1101,2025-03-04,R-02,P-04,4
ORD-1138,2025-03-04,R-01,P-04,6
ORD-1397,2025-03-04,R-05,P-05,6
ORD-1094,2025-03-06,R-03,P-08,6
ORD-1512,2025-03-06,R-05,P-04,6
ORD-1158,2025-03-07,R-01,P-01,6
ORD-1298,2025-03-09,R-03,P-05,10
ORD-1578,2025-03-10,R-05,P-08,8
ORD-1458,2025-03-10,R-04,P-09,4
ORD-1469,2025-03-10,R-04,P-04,4
ORD-1004,2025-03-13,R-02,P-05,5
ORD-1281,2025-03-16,R-03,P-10,2
ORD-1535,2025-03-16,R-01,P-05,2
ORD-1462,2025-03-17,R-04,P-03,8
ORD-1570,2025-03-17,R-01,P-09,1
ORD-1203,2025-03-22,R-02,P-05,3
ORD-1060,2025-03-22,R-01,P-10,1
ORD-1103,2025-03-22,R-03,P-09,2
ORD-1562,2025-03-25,R-03,P-01,5
ORD-1156,2025-03-27,R-05,P-05,10
ORD-1465,2025-03-27,R-02,P-09,7
ORD-1011,2025-03-29,R-05,P-02,10
ORD-1048,2025-03-30,R-02,P-10,2
ORD-1453,2025-03-30,R-05,P-10,9
ORD-1526,2025-03-31,R-02,P-06,3
ORD-1529,2025-03-31,R-03,P-02,4
ORD-1435,2025-04-02,R-01,P-10,2
ORD-1388,2025-04-02,R-01,P-04,10
ORD-1056,2025-04-02,R-04,P-09,6
ORD-1528,2025-04-03,R-03,P-02,2
ORD-1471,2025-04-04,R-03,P-07,6
ORD-1342,2025-04-05,R-03,P-05,8
ORD-1519,2025-04-05,R-01,P-01,3
ORD-1449,2025-04-06,R-03,P-03,8
ORD-1546,2025-04-06,R-04,P-01,4
ORD-1192,2025-04-06,R-03,P-04,4
ORD-1493,2025-04-06,R-05,P-04,8
ORD-1143,2025-04-06,R-05,P-04,2
ORD-1320,2025-04-07,R-04,P-01,6
ORD-1233,2025-04-07,R-03,P-01,2
ORD-1229,2025-04-08,R-03,P-06,2
ORD-1288,2025-04-09,R-02,P-02,1
ORD-1335,2025-04-09,R-03,P-01,10
ORD-1271,2025-04-09,R-05,P-01,1
ORD-1119,2025-04-09,R-03,P-09,2
ORD-1544,2025-04-09,R-01,P-03,5
ORD-1579,2025-04-09,R-01,P-07,1
ORD-1343,2025-04-09,R-04,P-10,3
ORD-1256,2025-04-09,R-02,P-10,7
ORD-1477,2025-04-10,R-03,P-04,7
ORD-1012,2025-04-10,R-04,P-08,9
ORD-1487,2025-04-10,R-02,P-03,7
ORD-1568,2025-04-10,R-05,P-10,1
ORD-1125,2025-04-11,R-03,P-10,4
ORD-1509,2025-04-11,R-04,P-03,8
ORD-1410,2025-04-11,R-04,P-09,5
ORD-1201,2025-04-11,R-04,P-04,5
ORD-1416,2025-04-13,R-05,P-01,7
ORD-1007,2025-04-13,R-01,P-04,4
ORD-1000,2025-04-13,R-04,P-09,10
ORD-1283,2025-04-14,R-01,P-10,3
ORD-1368,2025-04-14,R-02,P-04,7
ORD-1531,2025-04-15,R-02,P-09,6
ORD-1428,2025-04-16,R-05,P-06,5
ORD-1065,2025-04-16,R-03,P-06,8
ORD-1003,2025-04-17,R-01,P-02,10
ORD-1165,2025-04-18,R-02,P-02,1
ORD-1414,2025-04-18,R-02,P-02,9
ORD-1586,2025-04-19,R-05,P-05,6
ORD-1287,2025-04-22,R-05,P-10,3
ORD-1261,2025-04-22,R-01,P-04,6
ORD-1282,2025-04-23,R-01,P-10,9
ORD-1202,2025-04-23,R-05,P-06,9
ORD-1195,2025-04-23,R-01,P-07,5
ORD-1200,2025-04-23,R-03,P-07,7
ORD-1205,2025-04-23,R-04,P-08,1
ORD-1534,2025-04-24,R-03,P-09,6
ORD-1361,2025-04-24,R-02,P-06,7
ORD-1530,2025-04-25,R-02,P-10,9
ORD-1280,2025-04-26,R-04,P-06,5
ORD-1177,2025-04-26,R-05,P-01,8
ORD-1345,2025-04-26,R-01,P-04,4
ORD-1439,2025-04-27,R-05,P-09,4
ORD-1451,2025-04-28,R-03,P-05,10
ORD-1278,2025-04-30,R-03,P-02,9
ORD-1432,2025-04-30,R-01,P-08,9
ORD-1176,2025-05-01,R-03,P-08,3
ORD-1445,2025-05-02,R-04,P-10,7
ORD-1008,2025-05-02,R-04,P-03,6
ORD-1591,2025-05-02,R-01,P-09,10
ORD-1224,2025-05-03,R-04,P-06,1
ORD-1427,2025-05-04,R-02,P-05,1
ORD-1235,2025-05-04,R-05,P-09,9
ORD-1399,2025-05-05,R-04,P-08,7
ORD-1213,2025-05-06,R-05,P-06,2
ORD-1450,2025-05-06,R-02,P-02,9
ORD-1442,2025-05-07,R-02,P-09,7
ORD-1365,2025-05-07,R-03,P-03,6
ORD-1170,2025-05-08,R-04,P-02,5
ORD-1351,2025-05-08,R-03,P-09,1
ORD-1304,2025-05-08,R-03,P-08,1
ORD-1248,2025-05-08,R-04,P-10,9
ORD-1252,2025-05-09,R-05,P-07,9
ORD-1099,2025-05-09,R-03,P-08,5
ORD-1443,2025-05-09,R-03,P-01,8
ORD-1214,2025-05-10,R-05,P-10,4
ORD-1207,2025-05-10,R-01,P-02,3
ORD-1275,2025-05-11,R-01,P-01,9
ORD-1015,2025-05-11,R-01,P-06,5
ORD-1041,2025-05-11,R-05,P-07,5
ORD-1126,2025-05-11,R-01,P-10,9
ORD-1592,2025-05-13,R-02,P-10,5
ORD-1162,2025-05-14,R-05,P-10,9
ORD-1110,2025-05-15,R-03,P-04,3
ORD-1043,2025-05-15,R-02,P-03,1
ORD-1302,2025-05-15,R-02,P-03,8
ORD-1100,2025-05-16,R-04,P-08,6
ORD-1182,2025-05-17,R-05,P-07,7
ORD-1102,2025-05-19,R-01,P-08,6
ORD-1266,2025-05-20,R-03,P-07,4
ORD-1386,2025-05-22,R-04,P-04,8
ORD-1387,2025-05-23,R-02,P-01,3
ORD-1147,2025-05-23,R-03,P-10,8
ORD-1464,2025-05-24,R-02,P-01,4
ORD-1259,2025-05-24,R-05,P-08,10
ORD-1425,2025-05-24,R-05,P-04,2
ORD-1232,2025-05-24,R-03,P-03,4
ORD-1577,2025-05-24,R-04,P-01,7
ORD-1583,2025-05-24,R-02,P-04,4
ORD-1431,2025-05-25,R-02,P-01,10
ORD-1598,2025-05-26,R-01,P-02,6
ORD-1430,2025-05-27,R-02,P-10,2
ORD-1492,2025-05-27,R-02,P-06,10
ORD-1272,2025-05-27,R-03,P-08,2
ORD-1324,2025-05-27,R-05,P-04,3
ORD-1243,2025-05-27,R-02,P-09,7
ORD-1244,2025-05-28,R-01,P-08,3
ORD-1240,2025-05-28,R-04,P-03,6
ORD-1016,2025-05-30,R-02,P-05,6
ORD-1400,2025-05-30,R-01,P-04,2
ORD-1254,2025-05-31,R-03,P-07,2
ORD-1364,2025-05-31,R-04,P-01,8
ORD-1548,2025-05-31,R-01,P-05,7
ORD-1582,2025-05-31,R-05,P-04,5
ORD-1276,2025-06-01,R-04,P-10,5
ORD-1504,2025-06-01,R-04,P-10,4
ORD-1014,2025-06-01,R-04,P-01,9
ORD-1547,2025-06-01,R-04,P-07,8
ORD-1189,2025-06-01,R-01,P-05,3
ORD-1395,2025-06-02,R-02,P-08,4
ORD-1289,2025-06-02,R-03,P-03,6
ORD-1463,2025-06-03,R-02,P-04,2
ORD-1366,2025-06-04,R-01,P-06,9
ORD-1091,2025-06-06,R-01,P-03,10
ORD-1429,2025-06-07,R-02,P-01,7
ORD-1332,2025-06-07,R-01,P-08,5
ORD-1309,2025-06-07,R-03,P-07,10
ORD-1268,2025-06-09,R-04,P-09,8
ORD-1218,2025-06-09,R-02,P-06,5
ORD-1152,2025-06-09,R-02,P-01,10
ORD-1502,2025-06-09,R-01,P-03,2
ORD-1191,2025-06-09,R-02,P-03,8
ORD-1023,2025-06-10,R-04,P-08,5
ORD-1348,2025-06-10,R-05,P-05,2
ORD-1297,2025-06-10,R-04,P-06,8
ORD-1279,2025-06-10,R-04,P-04,8
ORD-1071,2025-06-11,R-05,P-06,5
ORD-1506,2025-06-12,R-02,P-09,7
ORD-1294,2025-06-12,R-01,P-02,10
ORD-1593,2025-06-12,R-04,P-08,2
ORD-1104,2025-06-12,R-03,P-08,10
ORD-1539,2025-06-13,R-04,P-07,3
ORD-1184,2025-06-14,R-03,P-02,1
ORD-1046,2025-06-16,R-01,P-08,2
ORD-1513,2025-06-17,R-02,P-08,7
ORD-1296,2025-06-18,R-05,P-02,8
ORD-1373,2025-06-19,R-04,P-07,9
ORD-1031,2025-06-19,R-02,P-10,8
ORD-1159,2025-06-19,R-03,P-08,5
ORD-1406,2025-06-19,R-03,P-06,10
ORD-1148,2025-06-20,R-02,P-10,8
ORD-1188,2025-06-21,R-03,P-08,6
ORD-1216,2025-06-21,R-01,P-05,9
ORD-1330,2025-06-21,R-05,P-04,2
ORD-1120,2025-06-21,R-04,P-03,3
ORD-1382,2025-06-22,R-03,P-03,6
ORD-1359,2025-06-23,R-05,P-01,4
ORD-1035,2025-06-24,R-02,P-09,6
ORD-1306,2025-06-25,R-05,P-10,4
ORD-1371,2025-06-25,R-03,P-09,10
ORD-1567,2025-06-26,R-05,P-06,10
ORD-1543,2025-06-26,R-01,P-07,3
ORD-1505,2025-06-27,R-05,P-09,7
ORD-1137,2025-06-28,R-01,P-05,7
ORD-1508,2025-06-28,R-04,P-03,7
ORD-1489,2025-06-29,R-02,P-06,7
ORD-1194,2025-06-29,R-02,P-07,10
ORD-1405,2025-06-29,R-05,P-07,10
ORD-1341,2025-06-30,R-03,P-02,4
ORD-1587,2025-06-30,R-02,P-06,1
ORD-1553,2025-07-02,R-03,P-06,7
ORD-1223,2025-07-03,R-05,P-10,2
ORD-1466,2025-07-04,R-04,P-10,7
ORD-1396,2025-07-05,R-02,P-02,7
ORD-1589,2025-07-05,R-02,P-03,1
ORD-1154,2025-07-06,R-05,P-08,9
ORD-1204,2025-07-06,R-04,P-10,6
ORD-1565,2025-07-06,R-04,P-02,8
ORD-1236,2025-07-06,R-01,P-01,9
ORD-1032,2025-07-07,R-02,P-05,7
ORD-1089,2025-07-07,R-01,P-02,4
ORD-1344,2025-07-07,R-04,P-09,7
ORD-1005,2025-07-08,R-03,P-08,1
ORD-1456,2025-07-08,R-02,P-05,7
ORD-1034,2025-07-09,R-02,P-01,5
ORD-1173,2025-07-09,R-04,P-06,6
ORD-1549,2025-07-09,R-04,P-04,4
ORD-1079,2025-07-09,R-02,P-07,8
ORD-1398,2025-07-09,R-05,P-09,6
ORD-1068,2025-07-10,R-03,P-02,10
ORD-1346,2025-07-10,R-01,P-06,9
ORD-1541,2025-07-11,R-02,P-10,9
ORD-1327,2025-07-11,R-02,P-02,2
ORD-1457,2025-07-11,R-03,P-07,5
ORD-1021,2025-07-11,R-03,P-07,9
ORD-1292,2025-07-13,R-02,P-09,8
ORD-1303,2025-07-14,R-02,P-08,1
ORD-1532,2025-07-15,R-01,P-04,1
ORD-1417,2025-07-15,R-03,P-06,5
ORD-1181,2025-07-17,R-03,P-04,1
ORD-1219,2025-07-17,R-03,P-09,6
ORD-1230,2025-07-17,R-05,P-08,1
ORD-1246,2025-07-18,R-05,P-06,6
ORD-1234,2025-07-20,R-01,P-10,2
ORD-1111,2025-07-20,R-01,P-06,2
ORD-1072,2025-07-21,R-01,P-05,9
ORD-1222,2025-07-22,R-02,P-01,10
ORD-1473,2025-07-23,R-02,P-09,10
ORD-1573,2025-07-25,R-05,P-07,2
ORD-1059,2025-07-25,R-05,P-04,10
ORD-1133,2025-07-26,R-03,P-07,3
ORD-1295,2025-07-27,R-01,P-08,9
ORD-1082,2025-07-27,R-03,P-02,10
ORD-1274,2025-07-27,R-01,P-01,5
ORD-1081,2025-08-01,R-03,P-07,3
ORD-1122,2025-08-02,R-04,P-08,9
ORD-1594,2025-08-03,R-05,P-05,2
ORD-1524,2025-08-03,R-02,P-01,10
ORD-1392,2025-08-03,R-02,P-06,3
ORD-1009,2025-08-03,R-03,P-10,10
ORD-1077,2025-08-03,R-04,P-01,8
ORD-1117,2025-08-04,R-03,P-01,5
ORD-1087,2025-08-05,R-05,P-04,9
ORD-1563,2025-08-05,R-04,P-07,5
ORD-1536,2025-08-05,R-05,P-02,4
ORD-1556,2025-08-05,R-05,P-10,7
ORD-1069,2025-08-06,R-03,P-03,5
ORD-1217,2025-08-06,R-02,P-07,5
ORD-1474,2025-08-06,R-02,P-09,10
ORD-1129,2025-08-06,R-01,P-09,1
ORD-1468,2025-08-08,R-01,P-10,10
ORD-1208,2025-08-08,R-01,P-09,8
ORD-1331,2025-08-08,R-04,P-06,3
ORD-1595,2025-08-09,R-03,P-10,1
ORD-1480,2025-08-10,R-01,P-07,2
ORD-1144,2025-08-10,R-03,P-03,3
ORD-1490,2025-08-11,R-01,P-01,7
ORD-1590,2025-08-11,R-04,P-04,9
ORD-1354,2025-08-11,R-01,P-01,9
ORD-1574,2025-08-11,R-03,P-06,8
ORD-1211,2025-08-12,R-03,P-04,10
ORD-1550,2025-08-12,R-04,P-06,7
ORD-1185,2025-08-13,R-04,P-02,7
ORD-1212,2025-08-13,R-02,P-02,7
ORD-1174,2025-08-13,R-04,P-08,1
ORD-1317,2025-08-14,R-01,P-02,5
ORD-1124,2025-08-15,R-05,P-05,3
ORD-1542,2025-08-15,R-02,P-02,8
ORD-1286,2025-08-15,R-04,P-10,1
ORD-1438,2025-08-17,R-05,P-09,5
ORD-1311,2025-08-18,R-02,P-04,2
ORD-1145,2025-08-19,R-04,P-04,10
ORD-1107,2025-08-19,R-03,P-04,1
ORD-1172,2025-08-19,R-04,P-09,1
ORD-1140,2025-08-19,R-03,P-10,1
ORD-1270,2025-08-21,R-01,P-07,4
ORD-1336,2025-08-21,R-04,P-06,2
ORD-1178,2025-08-21,R-03,P-02,1
ORD-1193,2025-08-21,R-05,P-06,5
ORD-1569,2025-08-21,R-01,P-01,8
ORD-1187,2025-08-22,R-01,P-07,3
ORD-1596,2025-08-23,R-02,P-07,9
ORD-1027,2025-08-24,R-01,P-09,1
ORD-1083,2025-08-25,R-03,P-03,9
ORD-1454,2025-08-25,R-04,P-05,2
ORD-1146,2025-08-25,R-03,P-05,4
ORD-1308,2025-08-26,R-05,P-10,9
ORD-1472,2025-08-26,R-05,P-06,9
ORD-1447,2025-08-27,R-01,P-01,1
ORD-1599,2025-08-27,R-04,P-04,5
ORD-1231,2025-08-28,R-02,P-04,4
ORD-1141,2025-08-29,R-05,P-04,8
ORD-1051,2025-08-30,R-01,P-07,5
ORD-1522,2025-08-30,R-03,P-06,6
ORD-1155,2025-08-31,R-03,P-07,1
ORD-1039,2025-09-01,R-04,P-01,5
ORD-1485,2025-09-03,R-03,P-10,9
ORD-1370,2025-09-03,R-02,P-06,10
ORD-1220,2025-09-04,R-03,P-08,2
ORD-1500,2025-09-04,R-04,P-10,3
ORD-1461,2025-09-04,R-02,P-04,5
ORD-1374,2025-09-04,R-05,P-03,10
ORD-1538,2025-09-06,R-02,P-06,2
ORD-1483,2025-09-07,R-05,P-01,6
ORD-1491,2025-09-07,R-04,P-03,4
ORD-1078,2025-09-09,R-01,P-03,4
ORD-1088,2025-09-09,R-04,P-10,3
ORD-1258,2025-09-09,R-04,P-02,3
ORD-1241,2025-09-09,R-02,P-03,5
ORD-1026,2025-09-10,R-01,P-04,6
ORD-1347,2025-09-10,R-04,P-06,6
ORD-1521,2025-09-10,R-04,P-02,7
ORD-1285,2025-09-11,R-01,P-09,3
ORD-1479,2025-09-11,R-03,P-04,10
ORD-1265,2025-09-11,R-03,P-07,2
ORD-1225,2025-09-12,R-03,P-05,4
ORD-1130,2025-09-12,R-01,P-07,2
ORD-1349,2025-09-13,R-03,P-01,8
ORD-1127,2025-09-14,R-02,P-08,8
ORD-1494,2025-09-14,R-05,P-01,4
ORD-1018,2025-09-15,R-03,P-03,4
ORD-1501,2025-09-15,R-02,P-07,2
ORD-1179,2025-09-16,R-03,P-02,2
ORD-1239,2025-09-16,R-03,P-02,5
ORD-1066,2025-09-17,R-04,P-08,4
ORD-1106,2025-09-18,R-02,P-06,4
ORD-1418,2025-09-19,R-05,P-05,1
ORD-1257,2025-09-20,R-01,P-08,3
ORD-1411,2025-09-21,R-05,P-05,1
ORD-1057,2025-09-21,R-01,P-08,7
ORD-1385,2025-09-21,R-04,P-05,4
ORD-1314,2025-09-21,R-01,P-08,2
ORD-1527,2025-09-21,R-04,P-09,5
ORD-1052,2025-09-22,R-05,P-02,3
ORD-1571,2025-09-22,R-02,P-01,10
ORD-1253,2025-09-24,R-03,P-08,2
ORD-1198,2025-09-25,R-01,P-05,4
ORD-1510,2025-09-25,R-05,P-04,8
ORD-1113,2025-09-25,R-02,P-02,8
ORD-1552,2025-09-25,R-05,P-03,7
ORD-1426,2025-09-26,R-02,P-07,8
ORD-1073,2025-09-27,R-04,P-10,2
ORD-1076,2025-09-28,R-03,P-01,10
ORD-1033,2025-09-28,R-01,P-06,1
ORD-1408,2025-09-28,R-01,P-05,4
ORD-1002,2025-09-28,R-05,P-08,10
ORD-1455,2025-09-29,R-05,P-04,7
ORD-1367,2025-09-30,R-01,P-02,8
ORD-1560,2025-09-30,R-05,P-02,5
ORD-1047,2025-10-01,R-04,P-08,7
ORD-1434,2025-10-02,R-03,P-05,5
ORD-1300,2025-10-04,R-04,P-05,1
ORD-1022,2025-10-04,R-03,P-10,8
ORD-1537,2025-10-04,R-01,P-04,4
ORD-1318,2025-10-04,R-05,P-06,4
ORD-1459,2025-10-05,R-03,P-03,4
ORD-1441,2025-10-06,R-03,P-06,2
ORD-1555,2025-10-06,R-02,P-05,6
ORD-1227,2025-10-07,R-03,P-08,4
ORD-1360,2025-10-07,R-02,P-06,7
ORD-1338,2025-10-07,R-01,P-08,2
ORD-1086,2025-10-07,R-02,P-09,1
ORD-1498,2025-10-07,R-04,P-05,5
ORD-1353,2025-10-08,R-03,P-06,3
ORD-1175,2025-10-10,R-01,P-07,3
ORD-1315,2025-10-10,R-04,P-08,3
ORD-1132,2025-10-10,R-03,P-07,3
ORD-1572,2025-10-11,R-02,P-10,8
ORD-1163,2025-10-11,R-03,P-04,9
ORD-1157,2025-10-11,R-04,P-06,7
ORD-1321,2025-10-11,R-01,P-10,6
ORD-1517,2025-10-12,R-05,P-02,9
ORD-1467,2025-10-12,R-05,P-07,8
ORD-1168,2025-10-13,R-05,P-08,1
ORD-1319,2025-10-13,R-04,P-04,2
ORD-1559,2025-10-13,R-02,P-02,5
ORD-1391,2025-10-15,R-02,P-03,3
ORD-1362,2025-10-15,R-02,P-10,2
ORD-1299,2025-10-16,R-02,P-06,5
ORD-1478,2025-10-16,R-02,P-09,2
ORD-1105,2025-10-16,R-03,P-05,6
ORD-1488,2025-10-17,R-05,P-02,3
ORD-1448,2025-10-17,R-03,P-06,10
ORD-1118,2025-10-20,R-04,P-02,5
ORD-1020,2025-10-21,R-01,P-01,5
ORD-1226,2025-10-21,R-03,P-10,5
ORD-1199,2025-10-22,R-03,P-10,2
ORD-1080,2025-10-23,R-02,P-10,8
ORD-1255,2025-10-25,R-04,P-07,3
ORD-1369,2025-10-26,R-03,P-04,4
ORD-1093,2025-10-28,R-04,P-10,2
ORD-1520,2025-10-29,R-04,P-07,10
ORD-1340,2025-10-29,R-01,P-05,8
ORD-1323,2025-10-31,R-03,P-02,2
ORD-1301,2025-10-31,R-02,P-08,3
ORD-1273,2025-10-31,R-04,P-02,5
ORD-1264,2025-10-31,R-03,P-10,2
ORD-1075,2025-10-31,R-02,P-09,9
ORD-1404,2025-11-01,R-04,P-08,4
ORD-1377,2025-11-02,R-05,P-07,3
ORD-1042,2025-11-03,R-05,P-05,10
ORD-1186,2025-11-03,R-05,P-08,1
ORD-1247,2025-11-04,R-01,P-02,9
ORD-1424,2025-11-04,R-04,P-06,4
ORD-1017,2025-11-05,R-05,P-05,4
ORD-1067,2025-11-06,R-01,P-03,3
ORD-1293,2025-11-06,R-03,P-09,3
ORD-1423,2025-11-07,R-03,P-02,7
ORD-1380,2025-11-09,R-05,P-08,9
ORD-1533,2025-11-10,R-05,P-04,3
ORD-1401,2025-11-10,R-01,P-09,9
ORD-1024,2025-11-10,R-02,P-04,10
ORD-1190,2025-11-11,R-03,P-01,8
ORD-1049,2025-11-12,R-03,P-02,1
ORD-1379,2025-11-12,R-02,P-03,6
ORD-1322,2025-11-13,R-01,P-06,10
ORD-1440,2025-11-14,R-02,P-06,4
ORD-1196,2025-11-14,R-03,P-03,4
ORD-1183,2025-11-14,R-03,P-10,10
ORD-1433,2025-11-15,R-04,P-01,1
ORD-1040,2025-11-16,R-05,P-06,3
ORD-1384,2025-11-17,R-05,P-10,8
ORD-1390,2025-11-18,R-02,P-02,4
ORD-1357,2025-11-19,R-04,P-01,2
ORD-1350,2025-11-19,R-05,P-02,2
ORD-1511,2025-11-19,R-04,P-01,9
ORD-1221,2025-11-20,R-04,P-09,5
ORD-1495,2025-11-21,R-03,P-09,8
ORD-1228,2025-11-21,R-01,P-07,8
ORD-1486,2025-11-21,R-05,P-09,9
ORD-1237,2025-11-22,R-05,P-08,10
ORD-1407,2025-11-22,R-05,P-10,9
ORD-1096,2025-11-23,R-05,P-06,5
ORD-1153,2025-11-23,R-01,P-06,3
ORD-1112,2025-11-24,R-02,P-05,7
ORD-1045,2025-11-25,R-03,P-04,1
ORD-1514,2025-11-26,R-01,P-05,6
ORD-1169,2025-11-27,R-01,P-06,10
ORD-1010,2025-11-27,R-03,P-07,3
ORD-1597,2025-11-27,R-01,P-08,10
ORD-1499,2025-12-02,R-02,P-03,6
ORD-1525,2025-12-03,R-02,P-03,8
ORD-1084,2025-12-04,R-05,P-10,7
ORD-1250,2025-12-04,R-01,P-07,10
ORD-1291,2025-12-04,R-01,P-04,5
ORD-1576,2025-12-05,R-05,P-03,5
ORD-1055,2025-12-06,R-03,P-03,2
ORD-1167,2025-12-06,R-01,P-07,4
ORD-1503,2025-12-06,R-04,P-08,6
ORD-1284,2025-12-06,R-05,P-05,6
ORD-1475,2025-12-07,R-01,P-10,5
ORD-1363,2025-12-08,R-02,P-10,7
ORD-1564,2025-12-08,R-02,P-04,2
ORD-1393,2025-12-08,R-05,P-02,8
ORD-1403,2025-12-08,R-05,P-05,1
ORD-1210,2025-12-09,R-01,P-06,6
ORD-1098,2025-12-10,R-01,P-07,3
ORD-1019,2025-12-10,R-01,P-02,9
ORD-1028,2025-12-11,R-05,P-04,3
ORD-1095,2025-12-11,R-05,P-09,1
ORD-1135,2025-12-12,R-04,P-07,4
ORD-1053,2025-12-12,R-04,P-02,6
ORD-1260,2025-12-12,R-04,P-07,8
ORD-1437,2025-12-12,R-01,P-09,9
ORD-1242,2025-12-12,R-04,P-01,1
ORD-1171,2025-12-14,R-01,P-07,1
ORD-1339,2025-12-15,R-04,P-08,9
ORD-1238,2025-12-15,R-01,P-07,3
ORD-1290,2025-12-15,R-05,P-08,9
ORD-1001,2025-12-15,R-02,P-01,6
ORD-1460,2025-12-15,R-05,P-06,3
ORD-1420,2025-12-16,R-04,P-05,2
ORD-1074,2025-12-17,R-01,P-10,9
ORD-1245,2025-12-18,R-05,P-01,7
ORD-1139,2025-12-18,R-02,P-10,5
ORD-1389,2025-12-20,R-05,P-02,4
ORD-1422,2025-12-21,R-02,P-09,7
ORD-1557,2025-12-21,R-02,P-08,7
ORD-1376,2025-12-21,R-05,P-08,7
ORD-1481,2025-12-23,R-05,P-01,3
ORD-1540,2025-12-23,R-03,P-05,3
ORD-1131,2025-12-25,R-05,P-08,8
ORD-1180,2025-12-25,R-04,P-01,2
ORD-1062,2025-12-26,R-05,P-02,6
ORD-1121,2025-12-26,R-01,P-08,6
ORD-1013,2025-12-26,R-01,P-03,9
ORD-1251,2025-12-26,R-05,P-06,10
ORD-1358,2025-12-26,R-01,P-01,9
ORD-1558,2025-12-27,R-05,P-01,5
ORD-1037,2025-12-30,R-02,P-09,3
ORD-1312,2025-12-31,R-05,P-07,2
ORD-1419,2025-12-31,R-01,P-03,10
